metric,pretrain_model,finetune_model,%_improve
precision,0.6986088789261139,0.7510892806020943,7.52
recall,0.8264446470785786,0.842735996291981,1.97
f1,0.7529868449825603,0.7910863775099899,5.06
