metric,pretrain_model,finetune_model,%_improve
precision,0.7027453676036426,0.7529802861298833,7.15
recall,0.8280740757329124,0.8430500745603017,1.81
f1,0.7561597147669111,0.7923871169601168,4.79
