metric,pretrain_model,finetune_model,%_improve
precision,0.6958749892371041,0.7521441878420966,8.09
recall,0.8244644109351295,0.8437185801097324,2.34
f1,0.750536029951913,0.7921594390528542,5.55
