metric,pretrain_model,finetune_model,%_improve
precision,0.6939169598023097,0.750842220077912,8.2
recall,0.8257081403930981,0.8445420741041502,2.28
f1,0.7497736575007439,0.7915314835906029,5.57
