metric,pretrain_model,finetune_model,%_improve
precision,0.7013699213693659,0.7482068971338043,6.68
recall,0.8274799923401281,0.839737035226391,1.48
f1,0.7551291253462613,0.7881816721734513,4.38
